0.0,0.0,0.0
-90.007,107.645,-90.325
-83.683,105.252,-88.317
-78.298,103.692,-87.008
-74.167,103.694,-87.01
-70.248,103.581,-86.915
-66.152,103.47,-86.822
-62.528,103.456,-86.81
-58.67,103.209,-86.603
-54.924,102.924,-86.363
-51.181,102.554,-86.053
-47.765,102.44,-85.957
-44.616,102.987,-86.416
-41.239,102.728,-86.199
-38.236,103.209,-86.602
-34.746,102.803,-86.262
-31.524,102.683,-86.161
-28.442,102.779,-86.242
-25.103,102.509,-86.015
-22.024,102.71,-86.184
-18.917,102.299,-85.839
-15.841,102.528,-86.031
-12.849,102.812,-86.269
-9.799,102.913,-86.354
-6.686,102.541,-86.042
-3.754,102.361,-85.891
-0.805,102.782,-86.244
2.331,102.29,-85.831
5.213,102.342,-85.875
8.234,102.667,-86.148
11.266,102.844,-86.296
14.393,102.48,-85.991
17.397,102.303,-85.842
20.249,102.265,-85.811
26.34,101.585,-85.24
29.288,101.463,-85.138
32.97,102.85,-86.301
35.922,102.585,-86.079
39.34,102.765,-86.23
42.421,102.968,-86.4
45.824,102.675,-86.155
49.002,102.525,-86.028
52.548,102.683,-86.161
56.056,102.876,-86.323
59.84,103.338,-86.711
63.009,102.777,-86.24
67.027,103.054,-86.472
70.853,103.231,-86.621
75.061,103.666,-86.986
78.765,103.462,-86.815
82.966,103.523,-86.866
95.34,103.044,-86.464
99.6,102.758,-86.225
103.091,101.422,-85.103
104.456,98.264,-82.454
106.734,95.838,-80.417
-94.343,112.055,-87.547
-92.235,115.264,-90.054
-86.896,114.244,-89.257
-81.977,113.383,-88.585
-77.642,113.274,-88.499
-73.835,113.96,-89.035
-63.737,104.273,-81.467
-60.498,104.989,-82.026
-57.578,106.325,-83.07
-54.305,106.922,-83.537
-50.769,107.092,-83.669
-48.193,108.747,-84.963
-44.931,108.969,-85.136
-41.958,110.402,-86.255
-38.849,111.331,-86.981
-36.179,113.291,-88.512
-32.594,112.793,-88.123
-29.353,112.902,-88.208
-25.777,112.682,-88.037
-22.749,113.385,-88.586
-19.316,112.766,-88.103
-16.115,113.098,-88.362
-13.037,113.502,-88.678
-9.674,112.546,-87.93
-6.307,112.418,-87.831
-3.12,112.659,-88.019
-0.078,112.666,-88.024
3.152,112.441,-87.849
6.395,112.593,-87.967
9.623,112.41,-87.825
12.894,112.939,-88.237
16.101,113.0,-88.285
19.441,113.031,-88.31
22.628,112.782,-88.115
25.955,112.756,-88.095
29.28,112.933,-88.233
32.61,112.85,-88.168
35.949,113.092,-88.357
39.215,112.621,-87.989
42.951,113.129,-88.386
46.529,113.158,-88.409
49.89,112.579,-87.956
68.879,100.883,-78.818
72.493,100.84,-78.785
76.187,100.537,-78.548
79.563,99.971,-78.106
98.823,102.815,-80.328
101.7,101.033,-78.936
106.016,100.504,-78.522
106.084,96.219,-75.174
-96.169,115.075,-83.607
-93.396,117.259,-85.193
-91.385,120.646,-87.655
-87.838,122.312,-88.865
-83.951,123.001,-89.365
-78.558,121.762,-88.466
-68.517,112.481,-81.722
-63.427,110.751,-80.465
-60.065,111.176,-80.774
-53.957,106.701,-77.523
-51.014,107.514,-78.114
-47.493,107.384,-78.019
-44.782,108.869,-79.098
-42.271,110.668,-80.405
-39.421,112.027,-81.392
-36.024,112.188,-81.509
-35.675,121.678,-88.404
-32.265,121.824,-88.51
-28.384,120.952,-87.876
-25.063,121.369,-88.18
-21.449,120.841,-87.796
-18.085,120.793,-87.761
-14.791,121.493,-88.27
-11.255,120.747,-87.728
-7.915,120.92,-87.854
-4.605,120.85,-87.803
-1.305,120.943,-87.871
2.034,120.694,-87.689
5.509,121.008,-87.917
8.679,120.744,-87.726
12.162,121.217,-88.069
15.576,121.49,-88.267
18.886,120.896,-87.836
22.397,121.015,-87.922
25.872,121.217,-88.069
29.123,120.857,-87.808
32.637,120.972,-87.891
36.301,121.452,-88.24
39.728,120.874,-87.82
43.539,121.339,-88.158
47.086,121.741,-88.45
50.741,121.694,-88.416
98.966,103.173,-74.96
104.063,103.618,-75.283
105.653,100.577,-73.073
105.678,95.948,-69.71
-96.906,113.874,-76.809
-94.92,116.872,-78.831
-88.987,115.315,-77.781
-92.706,125.804,-84.856
-90.97,129.726,-87.502
-90.873,136.702,-92.207
-86.562,137.397,-92.676
-78.308,131.736,-88.857
-68.979,122.985,-82.955
-64.08,121.453,-81.921
-59.102,119.487,-80.595
-58.064,124.892,-84.241
-54.144,125.129,-84.4
-51.132,126.805,-85.531
-47.327,126.971,-85.643
-44.105,128.175,-86.455
-40.582,128.93,-86.964
-38.886,135.091,-91.12
-35.091,135.592,-91.458
-31.038,135.13,-91.146
-27.286,135.181,-91.181
-23.688,135.186,-91.184
-19.804,135.239,-91.22
-16.147,135.156,-91.164
-12.359,134.89,-90.984
-8.898,135.118,-91.139
-5.22,135.582,-91.451
-1.412,134.133,-90.474
2.211,134.437,-90.679
5.877,134.278,-90.572
9.54,134.735,-90.88
12.966,134.705,-90.86
16.816,135.121,-91.14
20.218,134.09,-90.445
24.053,134.178,-90.504
27.828,135.147,-91.158
31.676,134.902,-90.992
35.404,134.475,-90.705
39.528,136.008,-91.738
43.314,135.492,-91.39
47.105,135.353,-91.297
51.415,136.617,-92.15
50.542,106.97,-72.152
53.16,105.421,-71.107
56.818,106.032,-71.519
59.105,103.749,-69.98
60.213,99.986,-67.441
67.794,106.684,-71.959
71.345,106.363,-71.743
84.102,108.138,-72.94
88.441,108.319,-73.062
91.84,107.299,-72.374
95.408,106.225,-71.65
104.842,111.626,-75.293
99.711,101.289,-68.32
105.537,102.385,-69.06
106.062,98.733,-66.596
-96.019,115.822,-72.373
-94.243,119.12,-74.434
-93.069,123.296,-77.044
-88.454,123.314,-77.055
-93.063,136.181,-85.096
-91.657,141.407,-88.361
-88.865,144.383,-90.221
-76.266,131.332,-82.066
-71.182,130.01,-81.239
-66.742,129.591,-80.977
-62.272,128.984,-80.598
-57.549,127.243,-79.51
-54.013,128.128,-80.063
-50.406,128.22,-80.121
-46.577,127.948,-79.951
-43.361,129.707,-81.05
-40.224,130.87,-81.777
-40.401,143.92,-89.931
-36.586,144.804,-90.483
-32.357,144.318,-90.18
-28.497,143.934,-89.94
-24.346,143.496,-89.666
-20.623,143.082,-89.408
-16.77,143.593,-89.727
-13.082,143.464,-89.646
-9.295,143.655,-89.766
-5.34,143.1,-89.419
-1.615,143.462,-89.645
2.168,143.457,-89.642
5.855,143.319,-89.556
9.814,143.8,-89.856
13.553,143.05,-89.388
17.316,143.482,-89.658
21.092,143.097,-89.417
24.927,143.317,-89.555
28.817,143.157,-89.455
32.776,143.623,-89.746
36.579,143.439,-89.63
40.637,143.719,-89.806
44.562,143.538,-89.693
48.874,143.805,-89.86
52.697,143.098,-89.417
50.673,117.767,-73.589
52.283,113.194,-70.731
55.681,113.126,-70.689
59.654,113.96,-71.21
59.697,101.194,-63.233
63.348,101.771,-63.594
83.284,115.185,-71.976
87.293,114.952,-71.83
89.696,107.073,-66.906
93.701,106.778,-66.722
104.754,114.218,-71.371
99.537,103.431,-64.631
105.374,104.572,-65.344
106.056,100.66,-62.899
106.456,96.443,-60.264
-96.174,116.297,-67.144
-94.318,119.404,-68.938
-93.145,123.624,-71.374
-93.477,130.421,-75.299
-93.633,137.576,-79.429
-88.696,137.335,-79.29
-92.721,151.019,-87.191
-78.276,135.04,-77.965
-72.47,132.602,-76.558
-67.509,131.217,-75.758
-63.357,131.048,-75.661
-59.213,130.914,-75.583
-55.216,130.605,-75.405
-59.558,150.061,-86.638
-53.955,147.218,-84.996
-47.48,140.644,-81.201
-43.648,140.765,-81.271
-40.603,143.699,-82.965
-37.155,145.706,-84.123
-36.947,160.631,-92.74
-32.542,160.597,-92.721
-28.107,159.888,-92.311
-23.949,160.242,-92.516
-19.531,156.815,-90.537
-14.876,152.027,-87.773
-10.662,149.624,-86.386
-6.512,147.636,-85.238
-2.669,146.124,-84.364
1.01,145.814,-84.186
4.895,145.236,-83.852
8.447,144.875,-83.643
12.297,144.907,-83.662
16.113,145.757,-84.153
20.056,146.065,-84.331
23.977,147.458,-85.135
28.448,150.241,-86.742
33.527,155.712,-89.9
38.905,160.882,-92.885
43.157,161.089,-93.004
47.319,160.075,-92.42
51.601,159.282,-91.962
51.885,126.122,-72.817
55.837,126.798,-73.207
60.32,128.387,-74.124
58.576,116.668,-67.358
56.934,106.342,-61.397
59.996,105.579,-60.956
64.063,107.074,-61.819
70.541,111.641,-64.456
74.212,111.669,-64.472
81.78,117.001,-67.551
84.354,115.084,-66.444
86.729,112.609,-65.015
97.958,110.434,-63.759
104.842,113.129,-65.315
100.294,102.998,-59.466
105.724,103.888,-59.98
105.937,99.466,-57.427
106.904,96.028,-55.442
-96.605,115.866,-61.607
-94.298,118.77,-63.151
-93.655,123.466,-65.648
-92.724,128.512,-68.331
-93.271,135.465,-72.028
-93.507,142.911,-75.987
-93.119,149.866,-79.685
-89.417,151.763,-80.694
-84.39,151.511,-80.56
-82.294,156.602,-83.267
-76.192,153.801,-81.777
-71.509,153.732,-81.741
-67.789,155.797,-82.839
-63.816,156.936,-83.444
-58.17,154.2,-81.99
-54.992,156.979,-83.467
-51.187,158.759,-84.414
-47.584,161.73,-85.993
-42.791,159.868,-85.004
-37.894,157.197,-83.583
-38.119,176.23,-93.703
-30.529,161.352,-85.792
-25.54,157.033,-83.496
-20.853,153.415,-81.572
-16.466,150.127,-79.824
-12.43,148.238,-78.82
-8.454,146.246,-77.761
-4.733,145.913,-77.584
-1.027,144.536,-76.851
2.756,143.9,-76.513
6.437,143.654,-76.382
10.0,143.074,-76.074
13.502,143.47,-76.284
17.384,144.143,-76.642
21.18,145.104,-77.153
25.108,145.888,-77.57
29.104,147.146,-78.239
33.18,148.767,-79.101
37.831,151.45,-80.527
42.368,153.784,-81.768
47.577,157.463,-83.725
51.47,143.589,-76.347
54.198,139.844,-74.357
55.921,134.175,-71.342
59.451,133.366,-70.912
62.785,132.098,-70.238
67.55,133.764,-71.124
67.694,118.905,-63.223
78.268,117.539,-62.497
82.963,118.519,-63.018
85.762,116.534,-61.962
88.925,109.632,-58.293
93.135,109.562,-58.255
99.383,111.811,-59.451
105.586,113.471,-60.333
99.971,102.498,-54.499
105.688,103.582,-55.075
106.011,99.448,-52.877
106.288,95.291,-50.667
-96.172,117.283,-57.203
-94.239,120.197,-58.624
-93.372,124.933,-60.934
-92.625,130.129,-63.468
-92.965,137.274,-66.953
-93.69,144.938,-70.691
-93.409,152.439,-74.349
-93.777,161.161,-78.603
-94.59,171.806,-83.795
-94.893,182.124,-88.828
-80.479,164.514,-80.239
-72.022,157.006,-76.577
-67.957,157.957,-77.041
-66.063,164.112,-80.043
-61.278,163.567,-79.777
-55.815,161.096,-78.572
-51.607,161.594,-78.815
-48.375,165.329,-80.636
-43.067,162.009,-79.017
-38.317,160.305,-78.186
-43.053,199.362,-97.235
-31.39,167.194,-81.546
-25.726,159.781,-77.931
-21.082,155.374,-75.781
-16.809,152.114,-74.191
-12.709,149.844,-73.084
-8.927,148.444,-72.401
-5.048,147.197,-71.793
-1.467,146.497,-71.452
2.384,145.521,-70.976
6.016,145.729,-71.077
9.669,145.345,-70.89
13.32,145.517,-70.974
16.924,145.486,-70.958
20.655,146.251,-71.331
24.369,147.379,-71.882
28.49,148.537,-72.446
32.644,150.066,-73.192
36.9,152.35,-74.306
41.637,154.761,-75.482
46.577,158.482,-77.297
50.494,157.299,-76.72
53.956,154.838,-75.52
58.916,156.837,-76.495
63.679,158.053,-77.088
68.393,158.456,-77.284
72.815,158.243,-77.18
65.923,133.569,-65.146
82.037,157.786,-76.957
86.607,157.306,-76.723
78.619,127.232,-62.055
80.376,123.642,-60.304
84.172,122.853,-59.92
86.048,113.788,-55.498
92.002,116.196,-56.673
95.523,114.974,-56.077
105.384,115.801,-56.48
100.075,104.85,-51.139
102.923,103.021,-50.247
105.998,101.553,-49.53
105.889,97.007,-47.313
-83.878,101.744,-45.299
-78.199,99.577,-44.335
-72.677,97.171,-43.263
-69.72,97.902,-43.589
-66.145,97.648,-43.476
-63.059,98.042,-43.651
-59.387,97.435,-43.381
-56.386,97.648,-43.476
-53.616,97.972,-43.62
-50.81,98.279,-43.757
-47.771,98.02,-43.641
-44.759,98.186,-43.715
-41.797,97.873,-43.576
-39.274,98.158,-43.703
-36.867,98.862,-44.016
-34.197,98.893,-44.03
-47.053,170.617,-75.964
-43.623,173.697,-77.335
-45.498,200.928,-89.459
-40.59,201.293,-89.621
-29.039,167.79,-74.705
-24.035,161.998,-72.126
-19.348,157.81,-70.262
-15.142,154.708,-68.881
-11.087,152.615,-67.948
-7.31,151.067,-67.259
-3.532,149.764,-66.679
0.266,148.268,-66.013
3.849,148.158,-65.964
7.507,148.704,-66.207
11.077,147.602,-65.717
14.778,147.813,-65.811
18.391,147.819,-65.813
22.216,149.432,-66.531
26.064,151.132,-67.288
30.236,151.805,-67.588
34.292,153.765,-68.461
39.169,157.337,-70.051
43.696,159.731,-71.117
49.558,165.175,-73.54
55.65,171.114,-76.185
61.016,173.807,-77.384
65.736,173.332,-77.172
71.016,175.12,-77.969
75.597,173.93,-77.439
80.784,174.655,-77.761
85.815,174.795,-77.824
90.716,174.236,-77.575
98.096,168.542,-75.04
82.288,133.123,-59.27
85.155,130.84,-58.254
103.043,151.104,-67.276
104.226,145.4,-64.736
104.998,139.565,-62.138
104.35,131.963,-58.754
104.951,126.586,-56.36
105.377,121.431,-54.064
95.018,104.196,-46.391
98.165,102.766,-45.754
102.726,103.089,-45.898
106.206,101.908,-45.372
106.239,97.319,-43.329
-80.836,100.943,-40.784
-75.954,99.473,-40.19
-70.917,97.656,-39.455
-67.558,97.733,-39.487
-64.499,97.949,-39.574
-61.3,98.443,-39.774
-57.887,98.148,-39.654
-55.329,98.678,-39.868
-52.033,98.506,-39.799
-49.193,98.656,-39.859
-46.063,98.078,-39.626
-43.337,98.14,-39.651
-40.677,98.493,-39.794
-38.012,99.011,-40.003
-35.419,98.955,-39.98
-32.797,99.268,-40.107
-29.836,98.6,-39.837
-27.596,99.16,-40.063
-24.978,99.326,-40.13
-22.746,100.023,-40.412
-19.97,99.753,-40.303
-17.442,99.643,-40.259
-14.85,98.951,-39.979
-12.586,99.757,-40.304
-10.355,100.0,-40.403
-7.846,99.732,-40.294
-5.392,99.547,-40.22
-2.978,100.237,-40.498
-0.472,100.204,-40.485
1.83,100.33,-40.536
4.406,99.82,-40.33
6.858,100.375,-40.554
9.107,100.291,-40.52
11.592,100.676,-40.676
14.15,101.143,-40.864
16.649,101.026,-40.817
19.391,101.641,-41.066
21.748,101.23,-40.9
24.333,100.984,-40.8
27.026,101.683,-41.083
29.45,101.463,-40.994
32.121,101.151,-40.868
34.519,101.029,-40.818
37.476,101.271,-40.916
40.101,101.293,-40.925
43.092,102.001,-41.211
45.676,101.381,-40.961
48.758,101.613,-41.054
52.127,102.476,-41.403
55.025,102.047,-41.23
57.784,101.698,-41.089
61.37,102.455,-41.395
65.048,102.965,-41.601
68.656,103.688,-41.893
71.393,102.419,-41.38
75.808,103.656,-41.88
79.139,103.346,-41.755
82.552,102.793,-41.531
86.887,103.403,-41.777
91.098,103.61,-41.861
95.134,103.448,-41.796
99.724,103.766,-41.924
105.552,105.178,-42.495
106.164,100.989,-40.802
106.899,97.134,-39.245
-84.89,103.666,-37.731
-79.146,101.258,-36.855
-74.22,99.778,-36.316
-70.246,99.141,-36.084
-66.984,99.34,-36.157
-63.568,99.169,-36.095
-60.382,99.59,-36.248
-57.177,99.407,-36.181
-54.066,99.51,-36.219
-51.257,99.72,-36.295
-48.2,99.82,-36.331
-45.38,99.781,-36.317
-42.574,99.881,-36.354
-39.873,99.882,-36.354
-37.052,100.141,-36.448
-34.507,100.076,-36.425
-31.699,100.06,-36.419
-29.213,100.044,-36.413
-26.534,100.12,-36.441
-24.084,100.401,-36.543
-21.634,100.485,-36.573
-18.936,100.273,-36.496
-16.665,100.652,-36.634
-14.084,100.739,-36.666
-11.672,100.916,-36.73
-9.283,100.97,-36.75
-6.834,100.93,-36.736
-4.35,101.216,-36.84
-1.911,101.283,-36.864
0.528,101.063,-36.784
2.825,101.382,-36.9
5.278,101.53,-36.954
7.721,101.368,-36.895
10.217,101.74,-37.03
12.538,101.439,-36.921
15.239,101.492,-36.94
17.574,101.753,-37.035
20.096,101.579,-36.972
22.702,102.005,-37.127
25.179,101.852,-37.071
27.988,102.27,-37.223
30.602,102.071,-37.151
33.36,102.534,-37.319
36.067,102.687,-37.375
38.76,102.764,-37.403
41.621,102.978,-37.481
44.467,102.937,-37.466
47.262,103.138,-37.539
50.376,103.277,-37.59
53.673,103.841,-37.795
56.592,103.6,-37.707
59.823,103.805,-37.782
63.308,104.35,-37.98
66.809,104.547,-38.052
70.37,104.804,-38.146
74.098,105.198,-38.289
77.556,104.81,-38.148
81.43,104.899,-38.18
85.925,105.762,-38.494
90.918,106.926,-38.918
100.091,112.9,-41.092
100.53,108.195,-39.38
100.644,103.436,-37.648
105.75,104.033,-37.865
105.966,99.63,-36.262
-85.263,104.435,-33.933
-80.152,102.9,-33.434
-74.798,100.773,-32.743
-70.664,99.988,-32.488
-67.389,100.24,-32.57
-64.064,100.222,-32.564
-61.004,100.427,-32.631
-57.628,100.16,-32.544
-54.453,100.15,-32.541
-51.826,100.848,-32.767
-48.774,100.621,-32.694
-45.738,100.116,-32.53
-42.983,100.547,-32.67
-40.206,100.513,-32.659
-37.465,100.533,-32.665
-35.057,100.74,-32.732
-32.112,100.382,-32.616
-29.62,100.407,-32.624
-27.237,100.843,-32.766
-24.566,100.949,-32.8
-22.126,101.167,-32.871
-19.584,101.108,-32.852
-17.183,101.213,-32.886
-14.781,101.027,-32.826
-12.333,100.989,-32.813
-9.884,101.089,-32.846
-7.527,101.177,-32.874
-5.169,101.192,-32.879
-2.704,101.374,-32.938
-0.349,101.453,-32.964
2.006,101.388,-32.943
4.43,101.581,-33.006
6.827,101.603,-33.013
9.454,102.129,-33.184
11.864,101.997,-33.141
14.256,101.911,-33.113
16.606,102.239,-33.219
19.169,101.929,-33.119
21.695,102.27,-33.23
24.22,102.707,-33.371
26.939,102.999,-33.466
29.345,102.699,-33.369
32.149,102.706,-33.371
34.772,102.829,-33.411
37.425,102.915,-33.439
40.131,102.851,-33.418
43.111,103.342,-33.578
45.998,103.373,-33.588
49.144,103.831,-33.737
52.127,104.01,-33.795
55.179,104.256,-33.875
58.18,103.929,-33.769
61.858,104.78,-34.045
64.96,104.948,-34.1
68.796,105.41,-34.25
72.054,105.271,-34.205
75.742,105.303,-34.215
79.667,105.795,-34.375
84.011,106.332,-34.549
88.439,106.933,-34.745
92.791,107.234,-34.842
99.748,110.524,-35.911
100.236,105.875,-34.401
102.73,103.69,-33.691
105.949,102.425,-33.28
105.518,97.441,-31.66
-88.03,105.847,-30.351
-81.967,103.324,-29.628
-76.926,101.778,-29.185
-72.304,100.539,-28.829
-68.805,100.461,-28.807
-65.575,100.57,-28.838
-62.321,100.819,-28.909
-58.949,100.667,-28.866
-55.891,100.58,-28.841
-53.148,101.084,-28.985
-50.133,101.034,-28.971
-47.198,100.938,-28.943
-44.372,101.02,-28.967
-41.595,101.099,-28.99
-39.01,101.56,-29.122
-36.501,101.809,-29.193
-33.592,101.066,-28.98
-31.14,101.564,-29.123
-28.395,101.533,-29.114
-26.152,101.89,-29.217
-23.412,101.643,-29.146
-20.964,101.891,-29.217
-18.54,101.885,-29.215
-16.076,101.882,-29.214
-13.699,101.96,-29.237
-11.398,102.101,-29.277
-8.871,102.284,-29.329
-6.534,102.23,-29.314
-4.153,102.321,-29.34
-1.657,102.434,-29.373
0.581,102.325,-29.341
3.141,102.474,-29.384
5.398,102.219,-29.311
7.851,102.698,-29.448
10.264,103.057,-29.551
12.752,102.848,-29.491
15.158,102.861,-29.495
17.571,102.652,-29.435
20.13,103.146,-29.577
22.603,103.188,-29.589
25.198,103.371,-29.641
27.894,103.797,-29.763
30.426,103.488,-29.675
32.863,103.325,-29.628
35.568,103.684,-29.731
38.263,103.865,-29.783
41.047,103.547,-29.692
43.872,104.054,-29.837
46.915,104.34,-29.919
49.864,104.498,-29.964
53.005,104.612,-29.997
55.911,104.423,-29.943
59.037,104.656,-30.01
62.419,105.047,-30.122
65.964,105.529,-30.26
69.283,105.426,-30.23
72.683,105.371,-30.215
76.571,105.854,-30.353
80.237,105.794,-30.336
84.392,106.201,-30.453
88.404,106.297,-30.48
93.12,107.092,-30.708
99.427,109.403,-31.371
99.827,104.836,-30.061
104.562,105.053,-30.123
106.029,101.755,-29.178
106.28,97.587,-27.982
-86.633,105.441,-26.289
-81.066,103.558,-25.82
-75.714,101.581,-25.327
-71.636,100.9,-25.157
-67.822,100.493,-25.056
-64.817,100.831,-25.14
-61.163,100.374,-25.026
-58.324,100.729,-25.115
-55.038,100.702,-25.108
-52.143,100.786,-25.129
-49.176,100.814,-25.136
-46.459,100.878,-25.152
-43.43,100.801,-25.133
-40.79,100.636,-25.091
-38.284,101.456,-25.296
-35.561,100.924,-25.163
-33.038,101.093,-25.205
-30.473,101.444,-25.293
-27.963,101.369,-25.274
-25.562,101.839,-25.391
-23.04,101.759,-25.371
-20.488,101.53,-25.314
-18.209,101.987,-25.428
-15.586,101.954,-25.42
-13.322,102.28,-25.501
-11.038,102.439,-25.541
-8.554,102.248,-25.493
-6.211,102.675,-25.6
-3.628,102.403,-25.532
-1.359,102.867,-25.648
1.039,102.701,-25.606
3.386,102.944,-25.667
5.713,103.091,-25.703
8.217,103.101,-25.706
10.514,103.295,-25.754
12.945,103.23,-25.738
15.371,103.063,-25.697
17.883,103.518,-25.81
20.345,103.978,-25.925
22.803,103.124,-25.712
25.133,102.688,-25.603
27.627,102.384,-25.527
30.207,102.427,-25.538
32.586,102.221,-25.487
35.324,102.436,-25.54
37.952,102.476,-25.55
40.485,102.417,-25.535
43.327,102.68,-25.601
46.361,103.148,-25.718
49.831,104.507,-26.056
52.594,104.414,-26.033
55.854,104.805,-26.131
59.005,104.966,-26.171
62.173,104.884,-26.151
65.688,105.294,-26.253
69.18,105.619,-26.334
72.663,105.704,-26.355
76.428,105.97,-26.421
79.856,105.736,-26.363
83.844,106.262,-26.494
88.07,106.593,-26.577
92.684,106.997,-26.677
100.356,111.157,-27.715
99.975,105.689,-26.351
102.99,104.275,-25.999
105.94,102.626,-25.587
105.459,97.476,-24.304
106.705,94.148,-23.474
-85.882,105.846,-22.498
-80.245,103.808,-22.065
-74.958,101.79,-21.636
-71.141,101.248,-21.521
-67.724,101.34,-21.54
-64.43,101.163,-21.503
-61.142,101.34,-21.54
-58.203,101.527,-21.58
-55.594,102.003,-21.681
-52.583,101.905,-21.661
-49.66,102.054,-21.692
-46.687,101.97,-21.674
-44.255,102.445,-21.775
-41.449,102.432,-21.773
-38.72,102.146,-21.712
-36.012,102.21,-21.725
-33.259,101.919,-21.663
-30.908,102.165,-21.716
-28.348,102.367,-21.759
-25.789,102.483,-21.783
-23.413,102.376,-21.761
-20.906,102.221,-21.728
-18.538,102.185,-21.72
-16.083,102.211,-21.726
-13.713,102.319,-21.749
-11.241,102.46,-21.778
-9.019,102.449,-21.776
-6.599,102.772,-21.845
-4.215,102.794,-21.85
-1.841,103.179,-21.931
0.345,102.974,-21.888
2.794,102.229,-21.729
5.139,102.313,-21.747
7.53,102.515,-21.79
9.73,102.657,-21.82
12.244,102.867,-21.865
14.637,102.888,-21.87
16.804,102.868,-21.865
19.357,103.258,-21.948
22.039,104.066,-22.12
24.407,104.187,-22.146
26.927,103.944,-22.094
29.626,104.382,-22.187
32.257,104.63,-22.24
34.689,104.526,-22.218
37.259,104.272,-22.164
40.008,104.495,-22.211
42.944,104.956,-22.309
45.744,104.855,-22.288
48.642,105.239,-22.369
51.479,105.053,-22.33
54.587,105.217,-22.364
57.322,104.898,-22.297
60.305,104.859,-22.289
63.457,104.916,-22.301
66.994,105.189,-22.359
70.385,105.51,-22.427
73.898,105.418,-22.407
77.997,106.099,-22.552
81.142,105.505,-22.426
85.051,105.648,-22.456
89.521,106.461,-22.629
97.071,110.377,-23.461
100.257,109.332,-23.239
100.615,104.963,-22.311
105.865,105.663,-22.459
106.232,101.391,-21.551
106.054,96.577,-20.528
-98.959,118.157,-20.834
-93.855,117.245,-20.674
-86.881,113.802,-20.066
-82.802,113.728,-20.053
-76.568,110.422,-19.47
-74.188,112.369,-19.814
-70.546,112.543,-19.844
-66.688,111.842,-19.721
-62.559,111.074,-19.585
-59.439,111.112,-19.592
-56.307,111.447,-19.651
-53.316,111.723,-19.7
-50.268,111.928,-19.736
-47.273,111.961,-19.742
-43.993,111.139,-19.597
-41.248,111.605,-19.679
-38.392,111.68,-19.692
-35.917,112.398,-19.819
-32.601,110.711,-19.521
-29.916,111.163,-19.601
-27.451,111.93,-19.736
-24.821,111.844,-19.721
-21.931,111.601,-19.678
-19.503,111.962,-19.742
-16.633,111.266,-19.619
-14.23,111.613,-19.68
-11.764,111.693,-19.695
-9.206,112.074,-19.762
-6.683,112.642,-19.862
-3.996,112.692,-19.871
-1.586,112.306,-19.803
1.032,112.953,-19.917
3.615,113.468,-20.007
6.105,113.537,-20.02
8.561,111.803,-19.714
11.28,113.103,-19.943
13.795,112.162,-19.777
16.307,112.705,-19.873
18.976,112.998,-19.925
21.714,112.97,-19.92
24.378,112.794,-19.889
27.197,113.332,-19.983
30.109,114.397,-20.171
31.617,109.375,-19.286
34.636,111.243,-19.615
38.057,113.14,-19.95
39.607,109.387,-19.288
42.871,110.799,-19.537
46.47,112.739,-19.879
49.106,111.971,-19.744
51.237,109.688,-19.341
54.923,111.129,-19.595
58.168,111.374,-19.638
61.441,111.369,-19.637
64.434,111.023,-19.576
67.583,110.631,-19.507
70.975,110.712,-19.522
74.459,110.721,-19.523
77.52,110.046,-19.404
81.161,109.885,-19.376
84.423,109.15,-19.246
88.238,109.0,-19.22
91.714,108.178,-19.075
99.909,112.812,-19.892
100.884,108.72,-19.17
101.991,105.209,-18.551
105.39,103.902,-18.321
105.638,99.427,-17.532
106.118,95.605,-16.858
-97.468,118.134,-16.603
-92.89,117.67,-16.537
-88.891,118.015,-16.586
-79.617,111.044,-15.606
-75.27,110.441,-15.521
-73.043,112.251,-15.776
-68.503,111.039,-15.606
-64.629,110.156,-15.481
-61.732,110.926,-15.59
-57.453,109.292,-15.36
-57.325,114.797,-16.134
-52.481,111.69,-15.697
-50.613,114.076,-16.032
-50.634,121.145,-17.026
-51.711,131.574,-18.492
-50.059,135.736,-19.076
-49.653,144.331,-20.284
-49.544,154.868,-21.765
-48.337,163.23,-22.94
-49.467,180.842,-25.416
-51.011,203.31,-28.573
-46.687,205.62,-28.898
-41.588,204.418,-28.729
-36.801,205.367,-28.862
-32.214,205.77,-28.919
-27.574,206.106,-28.966
-22.824,206.376,-29.004
-18.019,205.897,-28.937
-13.377,205.549,-28.888
-8.814,206.361,-29.002
-3.967,205.765,-28.918
0.626,206.643,-29.042
5.244,206.95,-29.085
9.878,205.991,-28.95
14.522,207.285,-29.132
17.924,189.202,-26.591
21.859,185.93,-26.131
25.733,183.493,-25.788
30.098,183.644,-25.809
34.142,182.42,-25.637
38.169,182.217,-25.609
42.166,180.64,-25.387
46.395,179.671,-25.251
46.48,163.886,-23.033
47.867,155.954,-21.918
49.793,149.533,-21.015
51.456,143.395,-20.153
50.76,131.592,-18.494
52.001,125.969,-17.704
53.863,122.854,-17.266
56.716,121.48,-17.073
59.016,119.575,-16.805
62.896,120.608,-16.95
68.611,124.893,-17.553
71.663,123.772,-17.395
74.564,122.282,-17.186
78.023,121.939,-17.137
82.31,122.637,-17.235
87.549,124.466,-17.493
94.994,129.031,-18.134
98.55,127.543,-17.925
98.808,122.187,-17.172
100.178,118.226,-16.616
100.349,113.188,-15.908
100.698,108.585,-15.261
101.757,105.09,-14.769
105.633,104.377,-14.669
105.921,99.864,-14.035
106.364,95.832,-13.468
-97.403,118.695,-12.475
-91.892,117.499,-12.35
-86.101,115.195,-12.107
-79.352,111.86,-11.757
-75.174,111.1,-11.677
-70.984,110.148,-11.577
-67.375,110.016,-11.563
-64.466,110.838,-11.649
-60.982,110.762,-11.642
-59.013,113.27,-11.905
-55.38,112.225,-11.795
-51.65,111.265,-11.694
-51.24,116.762,-12.272
-56.266,135.304,-14.221
-53.253,136.851,-14.384
-52.344,143.879,-15.122
-52.421,153.994,-16.185
-51.25,162.272,-17.055
-49.365,169.123,-17.776
-48.499,180.796,-19.002
-48.727,198.981,-20.914
-45.805,206.546,-21.709
-40.774,205.914,-21.642
-35.957,206.422,-21.696
-31.214,206.555,-21.71
-26.429,206.161,-21.668
-21.922,207.434,-21.802
-17.144,206.556,-21.71
-12.463,206.339,-21.687
-7.849,207.31,-21.789
-3.193,207.905,-21.852
1.539,207.8,-21.841
6.323,207.66,-21.826
11.051,207.539,-21.813
15.675,208.242,-21.887
20.397,208.287,-21.892
25.282,208.057,-21.868
30.02,208.714,-21.937
34.836,208.426,-21.907
39.95,209.896,-22.061
44.659,209.235,-21.991
49.771,209.7,-22.04
48.983,186.686,-19.621
47.995,166.463,-17.496
49.785,158.69,-16.679
50.845,149.905,-15.756
52.043,142.083,-14.934
51.865,132.106,-13.885
53.247,126.67,-13.314
55.411,123.683,-13.0
58.358,122.885,-12.916
61.698,122.902,-12.918
64.386,121.306,-12.75
66.291,118.555,-12.461
74.594,126.81,-13.328
78.859,127.746,-13.427
82.202,126.415,-13.287
84.934,124.496,-13.085
89.871,125.594,-13.2
94.417,125.962,-13.239
99.421,126.983,-13.346
99.498,120.91,-12.708
100.777,117.154,-12.313
100.071,111.261,-11.694
100.006,105.959,-11.137
105.603,107.165,-11.264
105.938,102.747,-10.799
105.89,98.15,-10.316
-92.945,98.563,-6.892
-90.751,100.543,-7.031
-90.602,105.125,-7.351
-94.41,114.314,-7.994
-94.783,119.939,-8.387
-93.853,124.244,-8.688
-92.846,128.731,-9.002
-92.54,134.554,-9.409
-73.556,113.193,-7.915
-70.028,113.441,-7.933
-66.199,112.883,-7.894
-62.985,113.132,-7.911
-95.059,197.56,-13.815
-93.478,205.808,-14.392
-87.376,204.724,-14.316
-71.303,204.399,-14.293
-66.353,205.239,-14.352
-61.743,206.483,-14.439
-56.362,205.787,-14.39
-51.248,205.52,-14.371
-46.631,206.1,-14.412
-41.923,207.002,-14.475
-37.053,206.658,-14.451
-32.266,206.875,-14.466
-27.415,207.293,-14.495
-22.788,207.047,-14.478
-18.104,207.081,-14.481
-13.321,207.067,-14.48
-8.78,207.084,-14.481
-4.16,208.45,-14.576
0.571,209.014,-14.616
5.223,207.627,-14.519
10.05,208.724,-14.595
14.577,207.958,-14.542
19.471,208.887,-14.607
24.205,208.393,-14.572
28.912,209.357,-14.64
33.904,210.202,-14.699
38.79,209.74,-14.666
43.731,210.018,-14.686
48.713,210.486,-14.719
53.533,209.318,-14.637
59.034,211.234,-14.771
64.109,210.825,-14.742
53.919,162.67,-11.375
53.593,149.675,-10.466
52.552,136.016,-9.511
54.062,130.905,-9.154
56.807,129.172,-9.033
59.198,127.275,-8.9
61.811,124.949,-8.737
64.284,122.942,-8.597
67.656,122.781,-8.586
71.084,122.282,-8.551
77.947,127.903,-8.944
81.89,127.92,-8.945
84.688,125.914,-8.805
87.676,124.259,-8.689
91.279,123.266,-8.62
95.747,123.775,-8.655
99.997,123.254,-8.619
100.295,118.184,-8.264
100.245,112.783,-7.887
99.944,107.092,-7.489
103.239,106.066,-7.417
105.807,103.837,-7.261
105.504,98.898,-6.916
106.988,95.887,-6.705
-96.125,98.292,-3.432
-93.191,99.711,-3.482
-92.601,103.801,-3.625
-93.369,109.134,-3.811
-95.428,116.533,-4.069
-94.06,120.25,-4.199
-93.548,125.2,-4.372
-92.944,130.525,-4.558
-92.756,136.467,-4.766
-93.502,143.979,-5.028
-93.398,151.113,-5.277
-93.957,160.108,-5.591
-94.193,168.523,-5.885
-94.259,177.986,-6.215
-94.23,187.725,-6.556
-95.02,199.934,-6.982
-92.337,206.205,-7.201
-86.934,206.398,-7.208
-81.623,206.754,-7.22
-76.344,207.162,-7.234
-70.513,205.205,-7.166
-65.829,206.884,-7.225
-60.818,207.057,-7.231
-55.933,207.936,-7.261
-50.755,206.559,-7.213
-45.762,206.825,-7.222
-41.02,206.39,-7.207
-36.179,207.368,-7.241
-31.586,208.495,-7.281
-26.788,207.729,-7.254
-22.027,207.81,-7.257
-17.438,207.668,-7.252
-12.801,208.23,-7.272
-7.996,207.72,-7.254
-3.418,208.77,-7.29
1.196,208.744,-7.29
5.932,208.988,-7.298
10.691,208.224,-7.271
15.459,210.23,-7.341
20.225,209.323,-7.31
24.882,209.123,-7.303
29.697,209.933,-7.331
34.595,209.411,-7.313
39.566,211.098,-7.372
44.567,211.53,-7.387
49.369,210.565,-7.353
54.77,212.608,-7.424
59.591,211.387,-7.382
64.621,211.238,-7.377
69.608,210.966,-7.367
57.671,160.804,-5.615
58.357,151.193,-5.28
55.942,135.181,-4.721
57.926,131.373,-4.588
59.604,127.291,-4.445
62.245,125.883,-4.396
65.022,124.332,-4.342
67.775,122.826,-4.289
71.368,122.456,-4.276
74.58,121.703,-4.25
84.272,131.407,-4.589
88.005,130.931,-4.572
90.282,127.817,-4.463
92.595,125.13,-4.37
95.545,123.115,-4.299
99.403,122.61,-4.282
100.424,118.291,-4.131
101.581,114.243,-3.989
100.612,107.827,-3.765
103.796,106.485,-3.719
106.01,103.999,-3.632
105.513,99.034,-3.458
107.048,95.958,-3.351
-97.417,117.784,0.0
-95.18,120.397,0.0
-94.166,124.75,0.0
-92.814,128.853,0.0
-92.67,134.914,0.0
-93.02,141.964,0.0
-93.515,149.838,0.0
-93.763,158.289,0.0
-94.075,166.914,0.0
-93.678,175.26,0.0
-94.438,186.223,0.0
-95.751,199.485,0.0
-93.478,206.311,0.0
-87.974,206.627,0.0
-82.403,206.382,0.0
-77.265,207.0,0.0
-72.43,208.503,0.0
-66.491,206.746,0.0
-61.616,207.182,0.0
-56.696,207.96,0.0
-51.494,207.738,0.0
-46.712,208.02,0.0
-41.783,207.689,0.0
-37.076,208.276,0.0
-31.954,207.605,0.0
-27.318,207.938,0.0
-22.446,207.565,0.0
-17.719,207.746,0.0
-13.107,207.787,0.0
-8.338,209.309,0.0
-3.779,209.916,0.0
1.082,208.747,0.0
5.668,209.873,0.0
10.483,209.888,0.0
15.333,209.414,0.0
20.114,209.487,0.0
24.686,209.551,0.0
29.618,210.325,0.0
34.605,211.032,0.0
39.508,211.237,0.0
44.542,211.536,0.0
49.386,210.766,0.0
54.896,212.266,0.0
59.985,212.47,0.0
64.862,211.947,0.0
70.014,211.935,0.0
75.429,212.086,0.0
68.117,177.45,0.0
86.478,212.206,0.0
64.922,147.985,0.0
64.287,137.57,0.0
65.454,131.819,0.0
67.455,128.552,0.0
70.174,126.516,0.0
73.074,125.067,0.0
75.785,123.443,0.0
78.861,121.799,0.0
83.94,123.862,0.0
99.278,140.394,0.0
99.403,133.572,0.0
100.109,128.35,0.0
99.716,121.978,0.0
100.874,117.848,0.0
100.413,112.072,0.0
105.061,112.05,0.0
105.556,107.767,0.0
105.223,102.615,0.0
105.926,98.616,0.0
-98.087,118.455,4.137
-96.05,121.356,4.238
-94.313,124.656,4.353
-92.84,128.663,4.493
-92.789,134.69,4.703
-92.963,141.706,4.948
-92.974,148.699,5.193
-93.418,156.828,5.477
-93.905,165.876,5.793
-94.072,175.084,6.114
-94.731,185.932,6.493
-95.285,197.702,6.904
-93.811,206.171,7.2
-88.735,207.344,7.241
-83.3,207.351,7.241
-77.951,207.844,7.258
-72.902,208.45,7.279
-67.865,208.933,7.296
-62.04,207.033,7.23
-57.44,208.096,7.267
-52.434,208.716,7.289
-47.625,209.019,7.299
-42.629,208.818,7.292
-37.62,208.889,7.295
-32.896,208.672,7.287
-27.858,207.967,7.262
-23.38,208.618,7.285
-18.575,208.899,7.295
-13.899,209.312,7.309
-9.26,209.343,7.31
-4.523,209.798,7.326
0.344,210.097,7.337
4.985,209.963,7.332
9.855,211.042,7.37
14.566,211.495,7.386
19.352,211.112,7.372
23.902,210.168,7.339
28.754,210.291,7.344
33.941,211.922,7.4
38.8,211.798,7.396
43.576,211.685,7.392
48.489,210.949,7.366
53.954,212.559,7.423
58.726,211.629,7.39
64.016,212.362,7.416
69.154,212.114,7.407
74.817,213.55,7.457
80.214,213.347,7.45
85.976,213.843,7.468
90.938,212.653,7.426
96.785,212.861,7.433
101.795,211.208,7.376
72.161,132.22,4.617
73.793,127.896,4.466
76.403,126.064,4.402
79.38,124.45,4.346
99.162,148.842,5.198
98.97,141.503,4.941
99.074,135.037,4.716
99.776,129.731,4.53
99.286,123.218,4.303
100.262,118.821,4.149
100.325,113.452,3.962
100.84,108.843,3.801
105.043,108.236,3.78
105.996,104.44,3.647
105.386,99.131,3.462
106.965,96.2,3.359
-96.66,119.274,8.34
-94.892,122.67,8.578
-93.67,126.93,8.876
-92.705,131.615,9.203
-93.073,138.382,9.677
-93.368,146.026,10.211
-93.378,153.131,10.708
-93.757,161.894,11.321
-93.905,171.081,11.963
-93.914,180.207,12.601
-95.204,193.248,13.513
-95.945,205.693,14.383
-90.73,206.92,14.469
-85.072,206.954,14.472
-79.291,205.89,14.397
-74.438,207.712,14.525
-69.275,207.853,14.535
-63.605,206.729,14.456
-58.577,207.192,14.488
-53.512,207.109,14.482
-48.987,208.553,14.583
-44.072,209.361,14.64
-38.715,207.116,14.483
-33.901,206.943,14.471
-29.163,208.239,14.562
-24.56,208.955,14.612
-19.542,207.803,14.531
-15.072,209.273,14.634
-10.236,209.015,14.616
-5.563,209.739,14.666
-0.687,209.462,14.647
3.964,210.15,14.695
8.797,210.203,14.699
13.446,209.009,14.615
18.218,209.7,14.664
23.145,209.241,14.632
28.144,210.593,14.726
33.147,211.761,14.808
37.867,211.199,14.769
42.96,211.525,14.791
47.872,210.78,14.739
53.194,212.335,14.848
58.447,212.716,14.875
63.366,211.492,14.789
68.394,211.552,14.793
73.816,211.976,14.823
79.419,212.428,14.854
84.728,211.855,14.814
90.363,211.722,14.805
96.636,213.224,14.91
68.244,139.773,9.774
67.906,131.35,9.185
69.886,127.818,8.938
72.391,125.474,8.774
75.582,124.405,8.699
78.379,122.878,8.592
83.459,124.454,8.703
99.25,141.81,9.916
98.897,134.549,9.409
99.013,128.286,8.971
99.915,123.704,8.65
100.472,118.59,8.293
99.982,112.548,7.87
105.412,113.632,7.946
105.292,108.353,7.577
106.021,104.047,7.276
106.114,99.525,6.959
106.906,95.866,6.704
-96.56,119.119,12.52
-94.791,122.718,12.898
-93.23,126.309,13.276
-92.575,131.487,13.82
-93.086,138.55,14.562
-93.732,146.677,15.416
-92.846,153.013,16.082
-93.399,162.006,17.028
-94.201,172.098,18.088
-94.292,181.59,19.086
-94.577,192.715,20.255
-95.882,206.548,21.709
-90.764,208.064,21.868
-85.478,208.603,21.925
-80.122,209.285,21.997
-74.421,208.826,21.949
-69.201,209.286,21.997
-64.348,210.552,22.13
-59.093,210.135,22.086
-53.888,210.539,22.129
-48.559,209.701,22.04
-43.783,210.205,22.093
-38.846,211.34,22.213
-33.965,211.036,22.181
-28.804,210.063,22.079
-24.14,211.744,22.255
-19.225,210.594,22.134
-14.337,210.505,22.125
-9.567,212.59,22.344
-4.56,210.467,22.121
0.115,210.341,22.108
5.007,212.272,22.311
9.788,211.062,22.183
14.796,212.941,22.381
19.621,211.731,22.254
24.384,211.817,22.263
29.454,212.634,22.349
34.447,212.546,22.339
39.525,213.389,22.428
44.656,213.224,22.411
49.734,213.182,22.406
55.072,213.703,22.461
60.319,214.492,22.544
65.388,213.746,22.466
70.888,214.388,22.533
76.157,214.255,22.519
81.624,213.559,22.446
87.183,213.764,22.468
93.205,214.301,22.524
99.169,214.705,22.566
101.921,207.825,21.843
102.486,197.501,20.758
103.208,187.943,19.754
103.379,178.527,18.764
102.763,168.317,17.691
103.871,161.567,16.981
104.093,153.93,16.179
104.564,147.145,15.466
104.839,140.345,14.751
104.593,133.439,14.025
105.168,128.085,13.462
105.574,122.595,12.885
105.77,117.533,12.353
106.022,112.517,11.826
106.083,107.359,11.284
105.905,102.603,10.784
106.052,97.977,10.298
107.357,94.773,9.961
-96.855,119.105,16.739
-94.73,122.115,17.162
-93.343,126.209,17.737
-92.676,131.066,18.42
-93.017,138.181,19.42
-92.969,145.034,20.383
-92.804,152.384,21.416
-93.581,161.524,22.701
-94.105,171.188,24.059
-94.35,180.923,25.427
-94.52,191.643,26.934
-95.354,204.679,28.766
-91.731,209.538,29.449
-85.882,209.018,29.376
-80.496,209.362,29.424
-75.131,209.917,29.502
-69.781,209.557,29.451
-64.166,208.853,29.352
-59.049,209.299,29.415
-54.236,210.752,29.619
-49.009,210.479,29.581
-44.047,210.566,29.593
-38.966,210.439,29.575
-34.037,210.95,29.647
-28.925,210.897,29.64
-24.136,211.836,29.772
-19.352,212.367,29.846
-14.511,212.149,29.816
-9.447,211.612,29.74
-4.661,211.545,29.731
0.293,212.883,29.919
5.066,211.412,29.712
10.007,212.355,29.845
14.81,212.228,29.827
19.766,212.379,29.848
24.739,212.441,29.857
29.776,213.605,30.02
34.929,213.115,29.951
39.782,212.556,29.873
45.028,214.082,30.087
50.115,213.631,30.024
55.367,213.685,30.031
60.542,213.693,30.033
65.725,212.885,29.919
71.507,214.546,30.152
77.088,214.64,30.166
82.381,214.267,30.113
88.051,214.131,30.094
94.276,215.191,30.243
100.049,214.911,30.204
102.844,208.088,29.245
102.734,196.474,27.613
102.547,185.099,26.014
103.296,176.839,24.853
103.145,167.396,23.526
104.175,160.477,22.554
104.29,152.842,21.48
104.942,146.281,20.558
105.057,139.399,19.591
105.444,133.499,18.762
105.283,127.252,17.884
105.647,121.617,17.092
105.139,115.695,16.26
106.066,111.349,15.649
105.908,106.201,14.926
105.819,101.47,14.261
105.924,96.856,13.612
-96.956,117.322,20.687
-95.425,120.757,21.293
-93.743,124.335,21.924
-92.718,129.05,22.755
-93.013,135.643,23.917
-92.793,142.242,25.081
-93.157,149.892,26.43
-93.835,158.755,27.993
-93.667,167.056,29.456
-93.91,176.599,31.139
-94.642,188.222,33.189
-95.158,200.11,35.285
-93.568,208.8,36.817
-87.834,209.152,36.879
-82.202,209.013,36.855
-76.885,209.631,36.964
-71.383,209.719,36.979
-66.135,209.552,36.95
-60.883,209.963,37.022
-55.504,209.471,36.935
-50.711,210.545,37.125
-45.652,211.514,37.296
-40.333,210.781,37.166
-35.423,210.937,37.194
-30.289,210.99,37.203
-25.535,211.475,37.289
-20.556,210.838,37.176
-15.628,211.791,37.344
-10.713,211.224,37.245
-5.857,211.458,37.286
-0.939,212.002,37.382
3.863,211.33,37.263
8.846,212.836,37.529
13.738,212.633,37.493
18.675,212.218,37.42
23.649,211.588,37.309
28.572,211.942,37.371
33.656,212.264,37.428
38.914,213.592,37.662
43.837,212.489,37.468
49.017,213.333,37.616
54.254,212.81,37.524
59.768,214.285,37.784
65.354,214.909,37.894
70.384,213.725,37.685
75.938,213.961,37.727
81.25,213.48,37.642
87.007,213.923,37.72
93.089,214.668,37.852
98.83,214.032,37.74
102.41,209.092,36.868
102.412,197.409,34.808
103.045,187.512,33.063
102.965,177.528,31.303
103.133,168.41,29.695
103.656,160.912,28.373
103.933,153.184,27.01
104.51,146.648,25.858
104.949,140.395,24.755
105.341,134.058,23.638
105.273,127.67,22.512
105.527,122.084,21.527
105.477,116.445,20.532
106.045,111.869,19.725
105.544,106.175,18.722
105.657,101.64,17.922
105.882,97.236,17.145
106.793,93.508,16.488
-96.58,116.921,24.852
-94.806,120.377,25.587
-93.349,124.174,26.394
-92.518,128.794,27.376
-92.89,135.661,28.836
-93.341,143.056,30.408
-93.065,150.107,31.906
-94.473,160.258,34.064
-92.985,166.432,35.376
-94.403,178.214,37.881
-94.839,189.281,40.233
-95.198,201.409,42.811
-92.574,207.788,44.167
-86.954,208.224,44.259
-81.328,208.085,44.23
-76.04,208.952,44.414
-70.495,208.538,44.326
-65.235,208.508,44.32
-59.962,209.053,44.436
-54.855,209.355,44.5
-49.957,210.349,44.711
-44.737,210.671,44.78
-39.924,211.346,44.923
-34.515,209.457,44.521
-29.474,209.699,44.573
-24.645,210.048,44.647
-19.819,210.978,44.845
-14.82,209.777,44.589
-9.928,210.567,44.757
-5.045,210.391,44.72
-0.235,210.668,44.779
4.766,211.033,44.856
9.605,211.218,44.896
14.517,211.341,44.922
19.553,212.598,45.189
24.628,211.945,45.05
29.571,212.968,45.268
34.949,213.574,45.397
39.723,212.227,45.11
44.936,212.479,45.164
50.054,212.335,45.133
55.425,213.226,45.322
60.894,213.647,45.412
66.022,213.309,45.34
71.681,214.001,45.487
76.995,213.602,45.402
82.302,212.485,45.165
88.941,215.326,45.769
94.277,213.836,45.452
100.974,215.633,45.834
102.415,205.963,43.779
102.572,194.674,41.379
102.32,183.735,39.054
103.195,175.606,37.326
103.256,166.34,35.357
103.507,158.351,33.659
104.12,151.525,32.208
104.778,144.934,30.807
105.287,139.019,29.549
104.876,131.894,28.035
104.876,125.767,26.733
105.441,120.558,25.625
106.085,115.815,24.617
105.625,110.19,23.422
106.234,105.857,22.501
106.322,101.091,21.487
105.756,95.885,20.381
106.859,92.729,19.71
-99.714,114.922,28.653
-96.267,116.383,29.018
-94.273,119.075,29.689
-93.081,123.458,30.782
-92.639,128.596,32.063
-92.515,134.902,33.635
-93.023,142.449,35.517
-93.12,150.004,37.4
-93.557,158.727,39.575
-93.512,167.22,41.693
-94.135,177.464,44.247
-94.238,188.127,46.905
-95.528,202.075,50.383
-92.78,208.439,51.97
-87.571,209.321,52.189
-81.838,209.419,52.214
-76.147,209.554,52.248
-70.913,210.204,52.41
-65.461,210.419,52.463
-60.569,211.693,52.781
-55.124,211.088,52.63
-49.595,210.534,52.492
-44.625,210.761,52.549
-39.385,211.003,52.609
-34.353,211.952,52.845
-29.374,212.019,52.862
-24.292,212.013,52.861
-19.329,213.029,53.114
-14.227,212.386,52.954
-9.046,211.634,52.766
-4.191,213.014,53.11
0.779,213.1,53.132
5.726,212.179,52.902
10.844,214.177,53.4
15.973,214.093,53.379
20.973,213.784,53.302
26.127,213.689,53.279
31.027,212.948,53.094
36.269,213.151,53.144
41.602,214.207,53.408
46.992,215.089,53.628
52.166,214.96,53.596
57.39,214.355,53.445
62.733,213.597,53.256
68.402,215.407,53.707
73.973,215.687,53.777
79.948,216.43,53.962
85.28,215.388,53.702
91.387,215.905,53.831
97.642,216.598,54.004
101.662,211.991,52.855
102.69,201.91,50.342
103.104,191.285,47.693
102.962,180.812,45.081
103.309,171.778,42.829
103.515,163.203,40.691
103.995,155.939,38.88
104.569,149.018,37.154
104.617,142.065,35.421
97.72,125.826,31.372
99.662,122.597,30.567
100.781,118.165,29.462
102.185,114.373,28.516
105.938,113.413,28.277
106.274,108.544,27.063
105.934,103.18,25.726
105.418,98.185,24.48
-96.222,114.285,32.771
-94.684,117.814,33.783
-92.781,121.149,34.739
-92.676,126.64,36.313
-92.552,132.756,38.067
-93.059,140.161,40.191
-93.235,147.332,42.247
-92.95,154.952,44.432
-93.422,163.795,46.967
-93.826,173.719,49.813
-94.223,184.296,52.846
-70.691,190.569,54.645
-23.172,193.619,55.519
-14.141,194.397,55.742
-4.87,195.032,55.924
-0.276,194.848,55.872
13.585,195.156,55.96
18.525,197.338,56.586
22.946,195.965,56.192
102.795,191.473,54.904
103.173,181.95,52.173
103.343,172.604,49.493
103.848,164.304,47.114
104.015,156.475,44.868
104.162,148.969,42.716
100.404,136.486,39.137
96.242,124.457,35.687
95.184,117.044,33.562
95.46,111.937,32.097
99.96,111.947,32.1
100.919,108.036,30.979
105.536,108.137,31.008
105.673,103.481,29.673
105.697,98.653,28.288
105.132,93.674,26.861
105.258,89.714,25.725
-98.68,110.921,36.041
-95.841,112.876,36.675
-93.753,115.744,37.607
-92.628,119.94,38.971
-92.662,125.566,40.799
-92.443,131.502,42.727
-92.9,138.77,45.089
-92.723,145.952,47.423
-93.408,154.647,50.248
-93.502,162.827,52.906
-93.549,171.824,55.829
-91.279,177.621,57.713
-86.945,179.368,58.28
-85.494,187.279,60.851
-81.391,202.809,65.896
-74.466,199.13,64.701
-68.373,197.019,64.015
-53.645,199.974,64.975
-48.219,198.39,64.461
-41.148,189.178,61.468
-35.436,184.931,60.088
-31.04,185.403,60.241
-26.29,184.099,59.817
-23.781,198.03,64.344
-19.04,198.852,64.611
-14.27,200.356,65.1
-9.391,199.57,64.844
-4.697,199.743,64.901
0.115,199.674,64.878
5.018,213.387,69.334
9.499,195.876,63.644
13.811,190.83,62.004
17.98,186.099,60.467
22.224,183.29,59.555
27.227,186.832,60.706
31.623,185.627,60.314
36.493,187.26,60.844
41.172,187.23,60.835
45.462,185.891,60.4
49.961,185.187,60.171
54.556,184.357,59.901
59.277,184.576,59.972
69.768,201.964,65.622
68.739,184.134,59.829
73.272,183.029,59.47
78.157,182.4,59.265
82.043,179.45,58.307
88.212,181.981,59.129
100.243,195.605,63.556
102.981,189.402,61.541
102.837,179.082,58.187
103.252,170.3,55.334
103.765,162.33,52.744
103.73,154.112,50.074
104.163,147.215,47.833
95.197,127.444,41.409
91.809,116.997,38.014
92.446,112.345,36.503
94.54,109.498,35.578
94.979,104.892,34.081
99.302,104.946,34.099
100.566,101.284,32.909
105.569,101.78,33.07
104.923,96.521,31.362
104.932,92.15,29.941
105.418,88.409,28.726
-97.621,109.083,39.703
-95.2,111.65,40.637
-93.57,114.848,41.801
-92.535,118.863,43.262
-92.473,124.534,45.327
-92.785,131.184,47.747
-92.675,137.69,50.115
-92.788,145.022,52.784
-93.49,154.001,56.052
-93.716,162.51,59.149
-93.726,171.351,62.367
-91.799,177.848,64.731
-87.065,178.879,65.107
-84.573,184.699,67.225
-84.193,195.817,71.272
-79.415,197.296,71.81
-68.564,197.376,71.839
-63.208,196.961,71.688
-58.41,198.338,72.189
-54.613,203.0,73.886
-43.112,198.29,72.172
-38.24,198.717,72.327
-31.13,187.003,68.064
-27.721,195.395,71.118
-23.519,199.782,72.715
-18.314,197.951,72.048
-13.696,199.693,72.682
-8.902,200.379,72.932
-3.838,200.38,72.933
0.873,200.505,72.978
5.671,199.355,72.559
10.612,200.753,73.068
14.947,191.842,69.825
19.22,186.502,67.881
23.442,184.396,67.115
28.296,186.974,68.053
32.713,184.622,67.197
38.16,189.437,68.95
42.348,186.465,67.868
47.04,185.904,67.663
55.87,183.659,66.847
68.379,192.039,69.897
70.836,184.921,67.306
75.964,184.753,67.245
81.058,184.459,67.138
86.299,184.711,67.229
91.549,184.619,67.196
102.201,194.878,70.93
103.649,186.231,67.782
103.424,175.782,63.979
103.741,167.265,60.88
104.13,159.189,57.94
104.242,151.29,55.065
103.752,143.022,52.056
91.964,120.18,43.742
91.617,114.119,41.536
93.057,110.551,40.237
95.073,107.777,39.228
96.577,104.514,38.04
98.153,101.597,36.978
100.34,99.142,36.085
105.788,99.897,36.36
105.164,94.964,34.564
105.383,90.693,33.009
105.602,86.978,31.657
-96.686,105.602,42.666
-94.557,108.024,43.645
-93.002,111.18,44.919
-92.408,115.987,46.862
-92.439,121.625,49.14
-92.503,127.605,51.556
-92.581,133.934,54.113
-92.949,141.239,57.064
-93.282,149.334,60.335
-93.104,157.145,63.491
-93.836,166.798,67.391
-94.367,177.18,71.585
-90.566,180.591,72.964
-85.056,180.429,72.898
-85.204,192.203,77.655
-83.279,214.694,86.742
-76.425,212.163,85.719
-70.474,211.453,85.433
-65.404,213.017,86.065
-27.092,213.728,86.352
4.364,200.463,80.992
9.325,200.526,81.018
14.062,198.918,80.368
19.195,199.665,80.67
24.198,200.317,80.933
27.418,187.944,75.934
32.636,191.052,77.19
37.587,191.235,77.264
46.581,188.241,76.054
51.213,187.396,75.713
56.301,187.436,75.729
61.002,186.821,75.481
67.761,192.114,77.619
70.386,185.094,74.783
75.56,185.068,74.772
81.539,186.68,75.424
87.531,188.05,75.977
98.107,198.452,80.18
102.86,196.217,79.277
102.921,185.407,74.909
103.281,175.683,70.98
103.408,166.905,67.434
103.705,158.75,64.139
104.159,151.227,61.1
89.569,117.034,47.285
90.681,112.787,45.569
92.975,110.524,44.654
94.937,107.557,43.456
98.675,106.649,43.089
97.692,100.818,40.733
99.637,98.151,39.656
102.747,96.89,39.146
104.882,94.371,38.128
105.296,90.395,36.522
105.242,86.235,34.841
-96.423,104.282,46.43
-94.175,106.658,47.487
-92.736,109.848,48.907
-92.396,114.855,51.137
-92.116,120.043,53.446
-92.592,126.444,56.296
-92.779,133.123,59.27
-92.516,139.883,62.28
-93.122,148.092,65.935
-92.943,155.773,69.354
-93.13,164.859,73.4
-94.245,176.282,78.486
-90.966,180.132,80.2
-85.436,180.04,80.159
-85.722,192.464,85.691
-85.262,204.411,91.01
-79.308,203.713,90.699
-73.447,203.664,90.677
-68.188,204.349,90.982
-63.02,205.634,91.554
-56.06,201.423,89.679
-51.633,204.565,91.078
-46.374,205.077,91.306
-41.099,204.76,91.165
-35.905,205.643,91.558
-30.689,206.001,91.718
-25.728,206.291,91.847
-19.951,201.367,89.654
-15.307,205.621,91.548
-10.101,206.186,91.8
-4.991,206.365,91.88
0.123,205.867,91.658
5.41,208.275,92.73
10.617,207.834,92.534
15.801,207.238,92.268
21.014,207.677,92.464
26.169,207.808,92.522
31.321,207.282,92.288
36.948,209.052,93.076
41.323,204.305,90.962
47.843,209.557,93.301
53.13,208.421,92.795
58.603,208.891,93.004
56.671,183.185,81.559
69.61,208.203,92.698
75.919,209.941,93.472
81.112,208.169,92.683
87.203,208.892,93.005
93.494,209.424,93.241
98.773,207.989,92.603
101.789,201.275,89.613
103.095,191.904,85.441
103.169,181.535,80.824
103.19,171.608,76.405
103.615,163.128,72.629
103.604,154.733,68.892
104.226,147.851,65.828
89.284,113.955,50.736
91.073,110.975,49.409
93.723,108.914,48.492
95.459,105.672,47.048
96.667,102.32,45.556
98.533,99.534,44.315
100.35,96.816,43.105
104.658,96.501,42.965
105.107,92.573,41.216
104.76,88.08,39.216
104.762,84.116,37.451
-100.849,104.1,50.773
-95.009,103.017,50.245
-93.138,105.595,51.502
-92.296,109.649,53.479
-92.155,114.66,55.923
-92.46,120.844,58.94
-92.64,126.773,61.831
-92.734,133.548,65.136
-92.637,140.648,68.599
-93.424,149.268,72.803
-93.371,157.109,76.627
-93.964,166.987,81.445
-94.357,177.43,86.538
-89.77,179.244,87.423
-84.97,180.465,88.019
-83.854,189.813,92.578
-78.016,189.275,92.316
-72.928,190.195,92.764
-67.765,190.811,93.065
-62.357,190.352,92.841
-55.751,185.793,90.617
-51.994,190.977,93.146
-47.023,190.887,93.102
-41.972,191.561,93.431
-37.044,191.263,93.285
-32.146,192.25,93.767
-27.062,191.613,93.456
-21.562,188.337,91.858
-16.8,188.57,91.972
-12.175,191.783,93.539
-7.331,191.689,93.493
-2.511,192.419,93.849
2.452,192.419,93.849
7.268,193.108,94.185
12.085,192.215,93.75
16.984,192.614,93.944
21.934,193.136,94.199
26.996,193.251,94.255
32.031,193.356,94.306
37.112,193.807,94.526
41.254,189.375,92.364
47.319,193.843,94.543
52.448,193.56,94.406
58.073,194.795,95.008
62.988,193.838,94.541
68.461,194.785,95.003
74.608,196.138,95.663
79.566,195.156,95.184
85.259,195.161,95.186
91.373,195.548,95.375
97.299,196.131,95.66
101.039,191.468,93.385
102.659,183.682,89.587
103.066,173.879,84.806
104.002,166.169,81.046
103.526,156.789,76.471
104.029,149.541,72.936
94.209,121.916,59.462
92.97,108.961,53.144
95.001,106.329,51.86
96.993,103.606,50.532
98.206,100.207,48.874
99.29,96.911,47.267
103.908,96.921,47.272
104.575,93.175,45.444
104.897,89.128,43.471
105.197,85.461,41.682
105.379,81.746,39.87
-103.297,105.036,55.849
-96.349,102.514,54.508
-92.915,103.833,55.209
-92.338,107.826,57.332
-91.64,112.395,59.762
-91.62,117.911,62.694
-92.489,124.704,66.307
-92.654,131.16,69.739
-92.846,138.393,73.585
-92.644,145.504,77.366
-93.1,154.092,81.932
-93.75,163.891,87.143
-90.364,167.277,88.943
-87.138,171.296,91.079
-81.645,170.736,90.782
-76.492,171.045,90.946
-71.482,171.08,90.965
-67.065,172.585,91.765
-61.746,171.441,91.157
-55.578,167.68,89.157
-52.103,171.315,91.09
-47.337,171.413,91.142
-42.91,172.681,91.816
-38.064,171.653,91.269
-33.612,172.152,91.535
-29.066,172.684,91.818
-24.619,173.133,92.057
-19.548,169.555,90.154
-15.667,173.345,92.169
-11.146,174.148,92.596
-6.65,173.577,92.292
-2.039,173.689,92.352
2.365,173.994,92.514
6.791,174.434,92.748
11.456,173.934,92.482
15.828,173.932,92.481
20.298,173.703,92.359
24.937,173.454,92.227
29.692,174.767,92.925
34.07,173.65,92.331
38.891,174.119,92.581
42.644,170.721,90.774
48.392,174.821,92.954
53.222,175.186,93.148
58.304,175.371,93.246
63.027,174.834,92.961
68.68,176.74,93.974
73.474,175.701,93.422
79.117,176.774,93.993
84.541,177.06,94.145
89.689,176.696,93.951
95.205,176.61,93.905
99.596,174.465,92.765
103.09,170.627,90.724
103.76,162.549,86.429
103.661,153.748,81.749
101.988,143.762,76.439
95.369,127.523,67.805
93.136,118.059,62.773
94.033,113.753,60.484
95.937,110.455,58.73
99.15,103.928,55.259
103.706,103.782,55.182
106.15,101.447,53.94
104.893,95.906,50.994
104.353,91.039,48.406
105.068,87.364,46.453
105.367,83.722,44.516
105.292,79.885,42.476
-105.874,104.783,60.496
-98.812,102.492,59.174
-92.958,101.095,58.367
-92.045,104.947,60.591
-91.924,109.823,63.406
-91.853,114.934,66.357
-92.441,121.383,70.08
-92.421,127.547,73.639
-92.399,134.334,77.558
-92.99,142.248,82.127
103.501,151.79,87.636
92.494,122.104,70.497
92.513,115.828,66.873
94.357,112.601,65.01
95.535,108.741,62.782
96.953,105.203,60.739
100.833,104.415,60.284
106.253,105.215,60.746
105.629,99.83,57.637
104.656,94.266,54.424
105.167,90.582,52.298
105.406,86.484,49.931
105.137,82.434,47.593
105.348,78.829,45.512
105.95,75.763,43.742
-110.12,104.632,65.381
-103.209,102.934,64.32
-96.13,100.616,62.872
-92.196,101.093,63.17
-91.623,105.366,65.84
-91.835,110.775,69.22
-92.251,116.602,72.861
-92.397,122.553,76.58
-92.741,129.292,80.79
-92.893,136.705,85.423
-92.97,144.085,90.034
-93.121,152.208,95.11
-93.859,162.411,101.486
-89.796,164.476,102.776
-81.232,158.787,99.221
-75.992,158.264,98.894
-71.062,158.542,99.068
-66.98,160.265,100.145
-63.003,162.18,101.341
-53.903,150.99,94.349
-49.421,150.967,94.335
-45.25,151.271,94.524
-40.814,151.24,94.505
-36.595,151.69,94.787
-32.492,151.671,94.775
-28.848,154.734,96.688
-29.864,185.336,115.811
-21.599,163.541,102.192
-17.229,164.425,102.744
-12.82,163.822,102.367
-8.42,164.579,102.84
-3.973,164.72,102.929
0.53,164.754,102.95
4.906,165.805,103.606
9.452,165.939,103.69
17.368,216.579,135.333
23.388,217.81,136.103
23.007,166.797,104.227
27.439,166.229,103.871
32.598,168.588,105.345
36.867,167.415,104.612
45.728,165.095,103.163
49.572,161.646,101.008
52.946,157.725,98.557
58.052,159.78,99.842
67.893,173.492,108.41
70.983,168.239,105.127
73.346,161.774,101.088
76.137,157.091,98.161
84.298,163.436,102.126
83.465,152.336,95.19
88.29,151.621,94.743
92.015,149.303,93.295
96.858,148.95,93.074
103.762,151.457,94.641
104.115,143.995,89.978
91.989,120.557,75.333
92.694,115.453,72.143
94.733,112.176,70.096
95.711,108.204,67.613
97.089,104.443,65.263
105.198,108.405,67.739
106.16,104.139,65.073
104.597,97.923,61.189
105.241,94.152,58.832
105.137,89.747,56.08
105.236,85.761,53.589
105.131,81.831,51.133
105.214,78.292,48.922
104.862,74.372,46.473
-111.172,102.98,69.461
-105.158,102.244,68.965
-98.85,100.694,67.919
-93.788,100.138,67.544
-91.796,102.846,69.371
-91.552,107.645,72.608
-92.011,113.223,76.37
-92.605,119.572,80.652
-92.628,125.698,84.784
-92.938,132.949,89.676
-92.923,140.238,94.592
-93.463,148.649,100.265
-93.791,157.782,106.425
-91.029,162.416,109.551
-85.817,162.773,109.792
-78.537,159.026,107.264
-73.06,158.305,106.778
-67.94,157.687,106.362
-63.99,159.999,107.92
-54.413,148.127,99.913
-50.153,148.511,100.172
-45.534,147.627,99.576
-41.232,147.877,99.744
-37.007,148.516,100.175
-32.847,148.281,100.017
-28.894,149.916,101.12
-30.219,180.764,121.927
-22.408,162.657,109.713
-17.855,163.044,109.974
-13.379,163.089,110.005
-8.925,163.339,110.174
-4.414,163.611,110.357
0.216,164.315,110.832
4.715,164.725,111.108
9.184,164.118,110.699
16.953,209.192,141.102
22.857,210.637,142.076
22.597,161.679,109.054
27.101,162.437,109.565
40.572,211.251,142.491
46.513,211.272,142.505
41.696,165.511,111.639
45.6,162.334,109.496
49.783,159.947,107.885
55.836,164.475,110.94
84.009,211.988,142.987
71.026,164.851,111.193
70.889,153.224,103.351
75.305,152.128,102.611
83.775,159.373,107.499
86.387,154.354,104.113
87.328,147.113,99.229
103.373,164.957,111.265
103.242,155.71,105.028
103.678,148.127,99.913
99.539,134.828,90.942
93.538,114.093,76.957
95.548,110.86,74.776
95.521,105.508,71.166
98.427,103.683,69.935
105.799,106.639,71.929
105.964,101.616,68.541
104.702,95.929,64.705
105.227,92.08,62.109
104.857,87.644,59.117
105.062,83.929,56.611
104.931,79.931,53.914
104.85,76.189,51.39
105.063,72.925,49.189
106.257,70.306,47.422
-106.082,100.707,73.168
-100.881,100.393,72.94
-97.02,101.144,73.485
-93.154,101.789,73.954
-91.897,105.319,76.519
-91.62,110.409,80.217
-92.125,116.429,84.59
-92.343,122.661,89.118
-92.325,129.208,93.875
-92.865,136.854,99.43
-93.037,144.782,105.191
-93.748,154.327,112.125
-93.208,162.403,117.993
-89.902,166.403,120.899
-80.693,159.323,115.755
-75.865,160.414,116.547
-70.427,159.926,116.193
-65.787,161.107,117.051
-56.743,150.593,109.412
-51.865,149.872,108.888
-47.279,149.922,108.925
-42.898,150.139,109.082
-38.236,149.949,108.944
-34.109,150.723,109.506
-29.836,151.069,109.758
-27.322,161.756,117.523
-27.097,190.561,138.451
-21.69,190.973,138.75
-16.197,190.376,138.317
-9.103,165.563,120.289
-4.48,166.112,120.688
0.224,166.212,120.76
4.916,165.7,120.388
9.632,166.01,120.613
16.181,191.715,139.289
21.712,192.312,139.723
27.157,191.899,139.423
32.766,193.203,140.371
38.382,192.649,139.967
44.026,192.762,140.05
49.815,193.49,140.579
55.286,193.014,140.233
61.068,192.768,140.054
66.971,193.119,140.309
72.919,193.523,140.603
78.87,193.502,140.587
84.646,192.714,140.015
70.296,147.671,107.289
73.669,144.778,105.187
101.518,189.026,137.335
102.725,179.499,130.414
103.507,170.391,123.796
103.621,160.824,116.845
104.182,152.939,111.117
90.344,125.25,91.0
91.056,119.552,86.859
93.176,116.146,84.385
95.114,113.015,82.11
95.01,107.45,78.067
105.579,108.593,78.897
105.637,103.674,75.323
105.017,98.114,71.284
104.981,93.708,68.083
105.159,89.602,65.1
105.065,85.417,62.059
105.077,81.423,59.157
105.204,77.82,56.539
105.465,74.457,54.096
105.36,70.971,51.563
106.05,68.169,49.528
-106.601,100.556,78.563
-102.229,101.104,78.991
-98.95,102.541,80.114
-93.367,101.733,79.482
-91.858,104.769,81.854
-91.662,109.909,85.87
-92.101,115.866,90.524
-91.934,121.694,95.078
-92.797,129.248,100.98
-93.007,136.58,106.708
-92.436,143.15,111.841
-93.554,153.482,119.913
-93.472,162.447,126.918
-93.982,173.419,135.49
-90.533,178.253,139.266
-84.111,177.422,138.617
-78.484,177.723,138.853
-72.791,178.022,139.086
-55.796,148.881,116.319
-50.951,148.385,115.931
-46.279,148.684,116.164
-42.046,149.644,116.915
-37.462,149.475,116.782
-33.348,150.958,117.942
-29.344,152.729,119.325
-29.305,178.415,139.393
-24.015,178.647,139.574
-18.845,178.716,139.628
-13.561,178.717,139.629
-8.478,178.734,139.642
-3.16,179.038,139.88
1.798,179.129,139.951
7.072,179.186,139.995
12.348,179.127,139.949
17.515,179.116,139.941
22.647,179.194,140.001
28.176,180.016,140.644
33.305,179.969,140.607
38.69,179.779,140.459
44.067,179.691,140.39
49.512,179.696,140.394
55.314,180.689,141.17
60.749,180.825,141.276
66.17,179.988,140.622
71.93,180.284,140.854
78.246,181.642,141.914
83.832,180.885,141.323
89.735,180.959,141.381
95.881,181.148,141.529
102.48,181.913,142.126
103.633,172.786,134.995
103.712,163.137,127.457
103.652,153.92,120.255
89.62,125.3,97.895
91.067,120.771,94.357
93.347,117.576,91.86
96.218,115.234,90.031
105.442,120.193,93.905
105.031,114.244,89.257
105.245,108.817,85.017
105.702,104.364,81.538
104.646,98.274,76.78
105.016,94.155,73.562
105.231,90.001,70.316
104.933,85.673,66.935
105.143,82.134,64.17
105.024,78.237,61.125
104.973,74.563,58.255
105.072,71.226,55.648
105.052,67.938,53.079
105.503,65.101,50.862
-123.897,105.989,88.935
-120.062,107.568,90.26
-111.756,104.898,88.02
-102.85,101.299,85.0
-96.914,100.159,84.043
-95.119,103.281,86.663
-92.006,104.923,88.041
-92.297,110.251,92.512
-92.096,115.835,97.197
-92.338,122.671,102.933
-92.392,129.259,108.461
-92.686,136.757,114.753
-92.664,144.638,121.366
-93.813,154.997,130.058
-92.665,162.408,136.276
-87.926,164.382,137.933
-82.342,164.861,138.334
-76.727,164.553,138.076
-71.468,164.968,138.425
-65.966,165.287,138.692
-60.202,164.207,137.786
-54.848,163.94,137.562
-50.146,165.155,138.582
-44.952,165.326,138.725
-39.915,165.48,138.854
-34.799,166.253,139.503
-29.452,164.771,138.259
-24.821,165.68,139.022
-19.752,166.157,139.422
-14.837,165.785,139.11
-9.845,165.485,138.859
-4.837,165.673,139.016
0.0,165.561,138.922
5.085,166.071,139.35
10.065,166.187,139.447
14.966,166.565,139.765
20.121,167.246,140.336
24.987,167.189,140.288
30.236,167.124,140.234
35.27,167.339,140.414
40.301,166.574,139.772
45.485,167.061,140.18
50.882,167.58,140.617
56.268,167.991,140.961
61.418,167.347,140.42
66.513,166.981,140.114
72.171,167.816,140.814
77.859,167.7,140.717
83.535,167.935,140.914
89.422,168.092,141.046
95.002,167.874,140.863
101.669,168.82,141.657
104.825,163.959,137.578
103.491,152.7,128.13
88.886,123.633,103.741
91.211,119.961,100.659
93.752,117.125,98.279
103.752,123.416,103.558
105.204,113.18,94.97
105.538,108.206,90.795
105.579,103.287,86.668
105.788,98.691,82.812
104.866,93.179,78.186
104.944,89.04,74.713
105.081,85.058,71.372
104.917,81.208,68.142
104.856,77.357,64.91
105.12,74.153,62.222
105.539,71.018,59.592
105.217,67.482,56.624
105.153,64.397,54.036
106.021,61.864,51.91
-123.211,106.089,95.523
-118.413,106.691,96.065
-108.889,102.993,92.735
-102.995,102.209,92.029
-97.948,102.165,91.989
-95.31,104.455,94.052
-91.94,105.778,95.243
-91.808,111.131,100.063
-92.246,117.475,105.775
-92.674,124.325,111.943
-91.686,129.934,116.993
-92.731,138.881,125.049
-92.593,146.728,132.114
-91.167,153.293,138.026
-85.154,152.54,137.348
-79.739,152.873,137.648
-75.02,154.088,138.741
-69.398,153.578,138.282
-64.194,153.636,138.335
-58.999,153.855,138.532
-53.945,153.974,138.639
-48.561,153.072,137.826
-43.714,153.041,137.798
-38.725,153.176,137.92
-33.973,153.44,138.158
-29.13,153.726,138.416
-24.176,153.957,138.623
-19.24,153.762,138.448
-14.646,153.837,138.515
-9.661,152.957,137.723
-5.031,154.027,138.687
-0.226,153.738,138.426
4.476,154.371,138.996
9.33,153.991,138.654
14.072,155.021,139.581
19.031,155.306,139.838
23.673,154.785,139.369
28.502,154.691,139.285
33.534,155.149,139.697
38.534,154.979,139.544
43.553,155.818,140.3
48.594,155.451,139.969
53.493,155.461,139.978
58.619,154.785,139.369
64.389,156.818,141.2
69.284,155.858,140.335
74.4,155.595,140.098
80.005,155.902,140.375
85.564,155.79,140.274
91.124,155.742,140.23
97.086,156.055,140.513
103.159,156.313,140.745
89.223,127.034,114.382
90.459,121.902,109.761
93.866,119.612,107.699
104.252,126.426,113.835
103.054,118.779,106.949
105.37,115.413,103.918
105.241,109.709,98.782
105.776,104.908,94.46
105.769,100.042,90.078
105.659,95.146,85.67
105.131,90.322,81.326
105.019,86.203,77.618
105.129,82.328,74.128
105.172,78.671,70.836
104.984,74.972,67.505
105.357,71.745,64.599
104.976,68.302,61.499
105.279,65.323,58.817
105.355,62.313,56.107
105.637,59.561,53.629
-12.652,0.549,0.53
-111.341,103.79,100.229
-105.045,102.878,99.348
-101.265,104.032,100.462
-96.076,103.923,100.357
-92.715,105.321,101.707
-91.909,110.031,106.256
-92.507,116.428,112.433
-91.955,122.225,118.031
-92.125,129.275,124.839
-92.666,137.24,132.531
-91.747,144.192,139.245
-85.6,143.106,138.196
-80.994,144.545,139.585
-75.434,144.173,139.226
-70.101,143.769,138.836
-64.855,143.715,138.784
-60.306,144.567,139.607
-55.016,143.921,138.983
-49.963,143.481,138.558
-45.008,143.627,138.699
-40.284,143.837,138.902
-35.551,143.66,138.73
-30.954,143.627,138.699
-26.216,144.459,139.502
-21.784,144.17,139.223
-16.911,144.02,139.079
-12.426,144.203,139.255
-7.823,144.226,139.277
-3.22,143.939,139.001
1.26,144.513,139.554
5.966,144.344,139.391
10.608,145.61,140.614
15.112,144.683,139.719
19.804,145.456,140.465
24.473,145.341,140.355
29.316,145.44,140.45
33.927,145.595,140.6
38.727,145.432,140.442
43.64,145.538,140.545
48.193,144.922,139.95
53.615,146.167,141.151
58.429,145.677,140.678
63.341,145.478,140.486
68.839,146.27,141.251
74.038,146.079,141.067
79.843,147.098,142.051
84.912,146.557,141.529
90.009,145.959,140.951
96.378,147.206,142.155
88.446,126.826,122.475
89.462,121.35,117.186
94.463,121.335,117.172
103.253,125.935,121.614
103.381,119.445,115.346
105.023,115.297,111.341
105.308,110.091,106.314
105.328,104.644,101.053
105.321,99.632,96.213
105.697,95.318,92.048
106.171,91.372,88.237
106.533,87.528,84.525
105.165,82.421,79.593
105.404,78.73,76.029
105.253,74.973,72.401
105.143,71.617,69.16
105.126,68.239,65.898
105.377,65.315,63.074
105.34,62.36,60.221
105.427,59.351,57.315
106.165,57.059,55.102
-126.946,108.232,112.078
-119.83,107.326,111.139
-107.747,101.266,104.864
-106.958,105.558,109.309
-101.139,104.837,108.562
-96.513,105.174,108.911
-92.065,106.109,109.879
-91.727,111.203,115.154
-90.791,116.159,120.286
-91.841,123.789,128.187
-89.786,135.877,140.705
-84.021,135.34,140.149
-78.827,135.53,140.345
-74.17,136.217,141.056
-68.775,135.736,140.559
-63.592,135.453,140.266
-58.475,134.966,139.761
-53.969,135.905,140.733
-48.986,135.38,140.191
-44.388,135.752,140.575
-39.6,135.968,140.799
-34.971,135.821,140.647
-30.441,135.907,140.736
-25.991,136.562,141.415
-21.357,136.495,141.345
-16.769,136.578,141.43
-12.32,136.858,141.721
-7.687,136.865,141.728
-3.152,136.066,140.9
1.286,136.515,141.365
5.805,136.875,141.738
10.385,136.936,141.801
15.085,136.968,141.835
19.65,137.055,141.925
24.195,137.194,142.069
28.785,137.117,141.988
33.316,136.92,141.785
37.905,136.856,141.718
42.582,136.777,141.637
47.43,137.238,142.114
52.386,137.156,142.029
57.206,137.453,142.337
62.071,137.669,142.56
67.227,137.945,142.846
71.856,137.258,142.134
77.643,138.248,143.16
82.749,137.922,142.822
87.826,137.634,142.524
94.024,138.683,143.61
87.89,121.872,126.202
100.509,124.991,129.432
103.957,122.596,126.951
104.413,116.925,121.079
105.026,111.61,115.575
105.464,106.534,110.319
105.4,101.296,104.895
105.125,96.251,99.671
105.288,91.897,95.162
106.001,88.29,91.427
106.451,84.506,87.508
105.216,79.632,82.461
105.795,76.394,79.108
105.544,72.838,75.426
104.943,69.104,71.559
105.093,66.13,68.48
105.367,63.242,65.489
105.307,60.302,62.445
105.348,57.497,59.54
106.064,55.05,57.006
-129.017,108.957,121.009
-122.343,108.268,120.243
-116.192,108.061,120.014
-108.532,106.1,117.836
-103.021,105.707,117.4
-97.793,105.809,117.512
-92.809,105.69,117.381
-91.64,110.127,122.308
-91.615,115.979,128.807
-92.067,123.14,136.761
-89.491,126.787,140.811
-84.245,126.703,140.718
-78.992,126.724,140.742
-74.4,127.298,141.379
-69.259,127.327,141.411
-64.193,126.993,141.04
-59.702,127.549,141.658
-54.908,127.344,141.43
-50.066,127.387,141.477
-45.542,127.698,141.823
-41.038,127.815,141.953
-36.407,127.931,142.082
-31.837,127.729,141.858
-27.507,127.925,142.075
-22.969,128.056,142.221
-18.443,128.165,142.341
-14.014,128.08,142.247
-9.503,128.014,142.174
-5.269,127.973,142.128
-0.787,128.656,142.887
3.573,128.903,143.161
7.895,128.214,142.396
12.284,128.629,142.857
16.769,128.654,142.885
21.256,128.575,142.797
25.669,128.569,142.79
30.221,129.039,143.313
34.761,128.629,142.856
39.306,128.912,143.172
43.908,128.537,142.755
48.672,128.975,143.241
53.436,129.204,143.496
58.027,128.629,142.857
62.804,128.501,142.715
67.787,128.87,143.125
73.1,129.425,143.741
78.018,129.108,143.389
83.166,129.138,143.422
89.304,130.369,144.789
94.486,129.896,144.264
99.954,129.86,144.224
104.447,128.552,142.772
104.217,121.472,134.908
105.86,117.018,129.962
104.751,109.758,121.899
104.69,104.346,115.888
105.43,99.821,110.862
105.677,95.344,105.89
105.242,90.439,100.442
106.053,86.903,96.516
106.065,82.731,91.882
106.369,79.483,88.274
106.813,76.101,84.519
105.382,71.521,79.432
105.36,68.304,75.859
105.624,65.368,72.599
105.759,62.575,69.496
105.397,59.374,65.941
105.325,56.721,62.995
105.726,54.131,60.118
105.773,51.658,57.372
-148.714,106.165,126.523
-136.809,107.214,127.772
-129.55,106.525,126.951
-123.733,106.63,127.077
-117.35,106.179,126.539
-111.84,106.268,126.645
-106.09,106.145,126.499
-100.832,106.026,126.357
-95.865,106.597,127.037
-92.256,108.161,128.902
-93.42,115.431,137.565
-90.486,118.187,140.849
-85.893,118.992,141.809
-80.459,118.766,141.539
-75.789,119.265,142.134
-70.838,119.398,142.293
-66.156,119.566,142.493
-61.317,119.527,142.447
-56.561,119.149,141.996
-51.878,119.359,142.246
-47.463,119.718,142.674
-42.774,119.093,141.93
-38.55,119.786,142.756
-33.945,119.544,142.467
-29.73,119.812,142.786
-25.48,120.102,143.132
-21.041,120.166,143.208
-16.767,120.54,143.654
-12.583,120.38,143.463
-8.118,120.265,143.326
-3.832,120.417,143.508
0.359,120.876,144.054
4.608,120.647,143.782
9.084,120.88,144.059
13.351,120.829,143.998
17.777,121.094,144.314
21.979,120.776,143.935
26.298,120.516,143.625
30.781,120.451,143.548
35.147,120.61,143.738
39.771,121.083,144.302
44.082,120.779,143.938
48.916,121.17,144.405
53.136,120.6,143.726
57.964,120.923,144.11
62.523,120.658,143.795
67.71,121.222,144.467
72.185,120.581,143.703
77.304,120.706,143.852
82.376,120.875,144.053
87.643,120.985,144.185
93.135,121.396,144.674
99.091,122.03,145.43
104.116,121.281,144.537
104.888,115.754,137.95
104.058,108.883,129.761
105.186,104.55,124.598
105.526,99.74,118.865
105.711,95.152,113.398
104.982,89.959,107.208
104.827,85.617,102.035
105.684,82.18,97.938
106.477,78.82,93.935
107.172,75.758,90.285
106.611,72.056,85.873
105.345,67.937,80.964
105.204,64.63,77.023
106.011,62.168,74.089
105.471,59.031,70.351
105.807,56.596,67.448
105.185,53.57,63.843
105.692,51.311,61.15
105.808,49.018,58.417
-173.519,107.53,137.633
-152.2,108.27,138.579
-143.467,107.09,137.069
-135.78,106.337,136.105
-129.088,106.007,135.683
-122.204,105.295,134.771
-117.968,106.794,136.69
-110.936,105.676,135.259
-105.4,105.568,135.121
-99.596,105.606,135.169
-94.835,106.149,135.865
-91.464,108.029,138.27
-89.464,111.844,143.154
-84.185,111.625,142.873
-79.38,112.062,143.433
-74.39,111.774,143.064
-69.642,112.153,143.549
-64.79,112.156,143.553
-60.324,112.318,143.761
-55.668,112.1,143.481
-51.081,112.094,143.473
-46.612,112.353,143.805
-42.24,112.643,144.176
-37.745,112.492,143.983
-33.321,112.395,143.859
-28.986,112.475,143.961
-24.83,112.556,144.065
-20.694,112.919,144.53
-16.365,113.034,144.676
-12.201,113.187,144.872
-7.936,113.33,145.056
-3.616,113.368,145.104
0.552,113.312,145.033
4.884,113.642,145.455
9.059,113.53,145.311
13.2,113.545,145.331
17.619,113.627,145.436
21.724,113.264,144.972
26.147,113.64,145.453
30.527,113.834,145.701
34.856,113.879,145.758
39.246,113.981,145.889
43.681,113.653,145.469
48.156,113.617,145.424
52.63,113.583,145.38
57.148,113.639,145.451
61.872,113.64,145.452
66.399,113.469,145.234
71.23,113.41,145.158
76.301,113.936,145.831
81.566,114.296,146.292
86.643,114.231,146.209
91.581,113.707,145.538
97.617,114.837,146.984
103.381,114.971,147.156
105.439,111.241,142.382
104.524,104.436,133.672
105.275,99.864,127.821
105.216,94.86,121.415
106.022,91.037,116.522
105.325,86.1,110.203
105.34,82.128,105.119
105.868,78.718,100.754
106.512,75.394,96.5
107.001,72.365,92.624
106.862,69.102,88.446
105.456,65.067,83.282
105.313,61.966,79.313
105.947,59.541,76.21
105.565,56.591,72.433
105.831,54.07,69.206
105.518,51.472,65.881
105.799,49.084,62.825
105.911,46.887,60.013
-193.788,105.466,145.162
-183.26,104.477,143.8
-172.221,102.899,141.629
-163.835,102.482,141.054
-157.496,103.209,142.056
-150.262,103.126,141.941
-144.938,104.212,143.436
-137.235,103.595,142.587
-130.196,103.068,141.861
-124.12,103.17,142.002
-117.902,102.925,141.664
-112.389,103.259,142.124
-106.314,102.854,141.566
-100.769,102.785,141.471
-95.791,103.23,142.083
-90.78,103.395,142.312
-86.322,104.102,143.284
-81.366,104.115,143.302
-76.506,104.277,143.525
-71.768,104.246,143.483
-66.641,103.815,142.89
-62.525,104.416,143.716
-57.792,104.257,143.497
-53.401,104.188,143.403
-49.113,104.427,143.731
-44.616,104.213,143.437
-40.338,104.256,143.496
-36.026,104.081,143.255
-31.722,104.25,143.488
-27.722,104.539,143.886
-23.455,104.499,143.831
-19.298,104.63,144.011
-15.26,104.831,144.287
-11.032,104.616,143.992
-7.065,104.97,144.479
-2.998,104.229,143.459
1.118,104.771,144.204
5.231,105.345,144.995
9.397,104.848,144.311
13.556,105.28,144.905
17.519,105.137,144.708
21.735,105.234,144.843
25.872,104.881,144.356
30.226,105.461,145.155
34.452,105.716,145.506
38.839,105.701,145.484
43.025,105.592,145.335
47.297,105.476,145.175
51.825,105.473,145.171
56.459,105.957,145.838
60.829,105.708,145.495
65.683,105.983,145.873
70.152,105.778,145.591
74.939,105.689,145.468
80.061,105.929,145.798
84.795,105.754,145.558
89.791,105.783,145.598
95.634,106.348,146.376
100.435,105.751,145.554
104.534,104.506,143.84
104.275,98.744,135.91
105.602,95.183,131.008
105.565,90.388,124.409
106.107,86.336,118.831
106.091,82.285,113.256
106.019,78.299,107.769
106.19,74.882,103.066
106.582,71.593,98.54
107.156,68.886,94.814
106.199,65.065,89.554
107.089,62.74,86.354
105.578,58.89,81.055
105.734,56.328,77.529
105.683,53.791,74.038
105.655,51.193,70.461
105.736,48.885,67.285
105.871,46.707,64.287
105.55,44.279,60.944
107.581,43.055,59.26
-198.76,99.692,147.8
-184.831,97.281,144.225
-174.145,96.009,142.34
-165.116,95.248,141.21
-158.313,95.769,141.983
-151.68,95.975,142.289
-144.489,95.918,142.204
-138.031,95.957,142.263
-131.886,96.221,142.653
-123.908,94.932,140.742
-117.886,94.859,140.634
-113.313,95.732,141.929
-106.952,95.132,141.039
-101.758,95.289,141.272
-97.101,95.85,142.103
-92.146,96.275,142.733
-86.983,96.044,142.391
-82.085,96.099,142.472
-77.591,96.248,142.694
-73.059,96.759,143.451
-68.536,96.752,143.44
-63.663,96.417,142.944
-59.41,96.568,143.168
-54.6,96.103,142.479
-50.668,96.716,143.387
-46.15,96.523,143.102
-41.86,96.227,142.662
-37.887,96.941,143.72
-33.676,96.457,143.004
-29.563,96.523,143.102
-25.587,96.638,143.271
-21.512,96.877,143.626
-17.492,96.877,143.626
-13.498,96.922,143.693
-9.601,96.885,143.638
-5.536,96.985,143.786
-1.511,96.849,143.584
2.324,97.263,144.198
6.381,96.884,143.637
10.257,97.256,144.189
14.293,96.83,143.557
18.474,97.523,144.584
22.608,97.885,145.12
26.588,97.84,145.054
30.606,97.685,144.824
34.868,98.164,145.534
38.858,97.637,144.753
43.272,97.847,145.064
47.446,97.631,144.744
51.74,97.676,144.81
56.179,98.14,145.498
60.852,98.301,145.737
65.455,98.551,146.108
69.836,98.118,145.465
74.268,97.839,145.053
79.512,98.631,146.227
84.512,98.595,146.173
89.432,98.548,146.103
94.45,98.423,145.918
99.531,98.374,145.845
104.876,98.27,145.691
106.052,89.651,132.913
105.314,84.644,125.49
106.11,81.202,120.387
105.924,77.193,114.443
106.061,73.773,109.373
106.872,70.828,105.007
106.152,67.168,99.58
106.653,64.236,95.234
106.695,61.379,90.999
107.023,58.811,87.191
105.548,55.31,82.0
106.023,53.032,78.624
106.063,50.627,75.058
105.598,48.058,71.249
105.68,45.911,68.066
105.852,43.724,64.824
105.816,41.673,61.783
106.954,40.08,59.422
-186.181,91.501,146.432
-174.457,89.715,143.575
-164.829,88.836,142.167
-156.793,88.518,141.659
-150.144,88.802,142.113
-144.919,89.817,143.737
-138.077,89.755,143.638
-131.475,89.527,143.273
-124.471,88.936,142.328
-117.988,88.675,141.909
-112.157,88.374,141.428
-107.402,89.123,142.626
-102.301,89.447,143.145
-97.219,89.683,143.523
-91.536,89.106,142.599
-87.5,89.969,143.98
-82.208,89.566,143.335
-77.373,89.516,143.255
-72.995,89.966,143.975
-68.432,89.825,143.751
-63.696,89.681,143.52
-59.569,89.842,143.778
-55.36,90.289,144.492
-50.905,89.985,144.006
-46.624,90.044,144.1
-42.52,90.162,144.289
-38.298,89.918,143.898
-34.295,90.208,144.363
-30.311,90.231,144.4
-26.285,90.169,144.301
-22.177,90.025,144.069
-18.299,90.362,144.61
-14.38,90.215,144.375
-10.528,90.404,144.677
-6.699,90.348,144.587
-2.608,90.5,144.83
1.165,90.574,144.949
5.173,90.535,144.886
9.07,90.767,145.258
13.01,90.765,145.255
17.046,90.697,145.146
20.958,91.068,145.739
24.892,90.802,145.314
28.907,90.777,145.273
32.993,91.005,145.639
37.213,91.184,145.925
41.349,91.16,145.886
45.458,90.992,145.618
49.881,91.429,146.317
54.052,91.192,145.937
58.481,91.541,146.495
63.043,91.632,146.641
67.286,91.321,146.144
72.314,91.946,147.144
76.759,91.697,146.745
81.639,91.664,146.693
86.512,91.824,146.949
91.404,91.639,146.652
96.865,91.951,147.152
101.832,91.725,146.791
105.249,90.184,144.324
105.646,85.797,137.304
105.34,81.459,130.362
105.8,77.79,124.491
106.377,74.468,119.174
106.647,71.088,113.764
105.961,67.439,107.925
105.726,64.167,102.689
106.481,61.714,98.762
107.012,59.237,94.8
106.8,56.38,90.226
106.964,53.878,86.222
105.819,50.852,81.38
105.518,48.313,77.318
105.805,46.244,74.007
105.896,44.115,70.598
105.33,41.918,67.082
105.407,39.957,63.945
105.966,38.166,61.079
